,id_card,name,mana,attack,health,creature,god power,spell,weapon,death,deception,light,magic,nature,neutral,war
0,1118,Firewine,5,0,0,0,0,1,0,0,0,0,0,1,0,0
1,1036,Leyhoard Hatchling,10,2,1,1,0,0,0,0,0,0,1,0,0,0
2,244,Aetherfuel Alchemist,6,4,4,1,0,0,0,0,0,0,0,0,1,0
3,215,Millenium Matryoshka,4,2,2,1,0,0,0,0,0,0,0,0,1,0
4,87013,Poison Peddler,4,1,3,1,0,0,0,0,0,0,0,0,1,0
5,230,Canopic Hoarder,5,2,1,1,0,0,0,1,0,0,0,0,0,0
6,87047,Escaped Silverback,5,5,4,1,0,0,0,0,0,0,0,1,0,0
7,100053,Rune of Fire,2,0,0,0,0,1,0,0,0,0,0,0,1,0
8,1073,Dwarf Atlant,3,1,5,1,0,0,0,0,0,0,0,0,1,0
9,273,Rampaging Leviathan,7,5,5,1,0,0,0,0,0,0,0,1,0,0
10,849,Fevered Dreams,3,0,0,0,0,1,0,0,1,0,0,0,0,0
11,1100,Lightning Strike,3,0,0,0,0,1,0,0,0,0,0,1,0,0
12,934,Port Authority,6,7,3,1,0,0,0,0,1,0,0,0,0,0
13,1206,Viking Warmaiden,2,3,1,1,0,0,0,0,0,0,0,0,1,0
14,286,Rebel Quartermaster,3,1,2,1,0,0,0,0,0,0,0,1,0,0
15,1120,Vault Vagabond,3,1,3,1,0,0,0,0,1,0,0,0,0,0
16,1233,Fickle Cambion,3,3,3,1,0,0,0,1,0,0,0,0,0,0
17,106,Underbrush Boar,2,3,3,1,0,0,0,0,0,0,0,1,0,0
18,255,Master of Indulgences,4,2,2,1,0,0,0,0,0,1,0,0,0,0
19,306,Blood Rage,2,0,0,0,0,1,0,0,0,0,0,0,0,1
20,145,Dread Queen Persephone,6,3,7,1,0,0,0,1,0,0,0,0,0,0
21,1035,Rune Viper Tincture,5,0,0,0,0,1,0,0,0,0,1,0,0,0
22,1217,Wetlands Ogre,4,4,5,1,0,0,0,0,0,0,0,0,1,0
23,1038,Choralis Rune Moth,3,1,1,1,0,0,0,0,0,0,1,0,0,0
24,896,Foreign Diplomat,2,2,3,1,0,0,0,0,0,0,0,0,1,0
25,87021,Juggernewt,7,6,7,1,0,0,0,0,0,0,0,0,1,0
26,832,Selena's Bow,3,0,4,0,0,0,1,0,0,0,0,1,0,0
27,344,Spellstealer,5,3,3,1,0,0,0,0,1,0,0,0,0,0
28,133,"Nemris, the Unstable",6,5,5,1,0,0,0,0,0,0,0,0,1,0
29,1009,Netherwarp,4,0,0,0,0,1,0,1,0,0,0,0,0,0
30,1034,Dreaming Sceptre,3,0,4,0,0,0,1,1,0,0,0,0,0,0
31,228,Empire's Footman,2,1,1,1,0,0,0,0,0,0,0,0,1,0
32,1131,Blight Bomb,1,0,0,0,0,1,0,1,0,0,0,0,0,0
33,122,Tomb Robber,3,1,2,1,0,0,0,0,0,0,0,0,1,0
34,1045,Marsh Walker,1,1,4,1,0,0,0,0,0,0,0,1,0,0
35,1127,Cardshark,1,1,1,1,0,0,0,0,0,0,0,0,1,0
36,18,Levitate,1,0,0,0,0,1,0,0,0,0,1,0,0,0
37,100069,"Heptaria, Manashard Fiend",1,5,5,1,0,0,0,0,0,0,0,0,1,0
38,100132,Ancient Guardian,2,2,2,1,0,0,0,0,0,0,0,0,1,0
39,858,"Eris, Queen of Chaos",9,8,7,1,0,0,0,0,1,0,0,0,0,0
40,124,Fusing Fleshspawn,1,3,1,1,0,0,0,1,0,0,0,0,0,0
41,1200,Cursed Caipora,5,1,2,1,0,0,0,0,0,0,0,0,1,0
42,112,Rift Scholar,5,2,2,1,0,0,0,0,0,0,1,0,0,0
43,1146,Judge Envoy,7,6,7,1,0,0,0,0,0,0,0,0,1,0
44,82,"Light, Ascended",6,0,0,0,0,1,0,0,0,1,0,0,0,0
45,830,Lysander's Spear,3,0,3,0,0,0,1,0,0,1,0,0,0,0
46,875,Parthene Democracy,3,0,0,0,0,1,0,0,0,1,0,0,0,0
47,100000,Promethean Flame,1,0,0,0,0,1,0,0,0,0,0,0,1,0
48,1087,Burnished Bull,7,10,10,1,0,0,0,0,0,0,0,0,1,0
49,1188,Thaeric Blessing,1,0,0,0,0,1,0,0,0,1,0,0,0,0
50,100111,Flourish,2,0,0,0,1,0,0,0,0,0,0,1,0,0
51,1069,"Amplureal, Sentient Shard",4,4,2,1,0,0,0,0,0,0,0,0,1,0
52,860,Bloodthirsty Spear,1,2,1,0,0,0,1,0,0,0,0,0,0,1
53,1255,Umber Arrow,2,0,0,0,0,1,0,0,1,0,0,0,0,0
54,1155,Carthaginian Marine,4,3,3,1,0,0,0,0,0,0,0,0,1,0
55,1105,Amazon Flanker,6,2,2,1,0,0,0,0,0,0,0,0,1,0
56,100137,Hyena,1,1,1,1,0,0,0,0,0,0,0,0,1,0
57,100117,Heal,2,0,0,0,1,0,0,0,0,1,0,0,0,0
58,818,"Majes, Spectral Philosopher",5,2,2,1,0,0,0,0,0,0,1,0,0,0
59,1212,Thanakris Spell-Locusts,3,1,3,1,0,0,0,1,0,0,0,0,0,0
60,150,Nephthys Guardian,6,5,6,1,0,0,0,0,0,0,0,0,1,0
61,123,Friendly Mimic,4,2,2,1,0,0,0,0,0,0,0,0,1,0
62,1013,Dust to Dust,4,0,0,0,0,1,0,1,0,0,0,0,0,0
63,100065,Skeletal Guard,1,2,1,1,0,0,0,0,0,0,0,0,1,0
64,354,Sucella,7,4,4,1,0,0,0,0,0,0,0,1,0,0
65,259,Warden of Kauket,8,3,12,1,0,0,0,0,0,0,0,0,1,0
66,1055,Radiant Embalmer,4,2,2,1,0,0,0,0,0,1,0,0,0,0
67,260,Avatar of War,8,8,8,1,0,0,0,0,0,0,0,0,0,1
68,87062,Possessed Acolyte,2,2,2,1,0,0,0,1,0,0,0,0,0,0
69,1084,Skeleton Heavy,2,2,4,1,0,0,0,0,0,0,0,0,1,0
70,383,Aetherrust,4,0,0,0,0,1,0,1,0,0,0,0,0,0
71,1130,Brimstone,1,0,0,0,0,1,0,1,0,0,0,0,0,0
72,918,Trial of the Underworld,8,0,0,0,0,1,0,1,0,0,0,0,0,0
73,809,Deathwatch Curate,5,5,6,1,0,0,0,1,0,0,0,0,0,0
74,320,Pyroclastic Alchemist,7,7,7,1,0,0,0,0,0,0,0,0,1,0
75,342,Avatar of Deception,4,4,4,1,0,0,0,0,1,0,0,0,0,0
76,906,Guardian of the Underworld,8,13,17,1,0,0,0,1,0,0,0,0,0,0
77,100056,Rune of Sight,2,0,0,0,0,1,0,0,0,0,0,0,1,0
78,131,"Lara Grim, Spellthief",1,1,1,1,0,0,0,0,0,0,0,0,1,0
79,271,Revenant Lynx,3,4,2,1,0,0,0,0,0,0,0,1,0,0
80,1221,Ranger Firstbow,2,2,2,1,0,0,0,0,0,0,0,0,1,0
81,100136,Bodyguard,1,1,1,1,0,0,0,0,0,0,0,0,1,0
82,348,Reap,6,0,0,0,0,1,0,1,0,0,0,0,0,0
83,87012,Radiant Spirit,4,3,4,1,0,0,0,0,0,1,0,0,0,0
84,367,Avatar of Nature,5,5,5,1,0,0,0,0,0,0,0,1,0,0
85,221,Sit Down,1,0,0,0,0,1,0,0,0,1,0,0,0,0
86,100122,Intense Training,2,0,0,0,1,0,0,0,0,0,0,0,0,1
87,266,Bonded Warrior,2,2,2,1,0,0,0,0,0,0,0,0,1,0
88,203,Ares Peacemaker,4,0,7,1,0,0,0,1,0,0,0,0,0,0
89,1185,Strix Hunter,4,2,5,1,0,0,0,0,0,0,0,0,1,0
90,339,"Locusta, Solution Expert",6,2,4,1,0,0,0,0,0,0,0,0,1,0
91,149,"Tyet, Heir To The Sky",9,6,9,1,0,0,0,0,0,0,0,0,1,0
92,911,Tartessian Mob,7,3,2,1,0,0,0,0,0,0,0,0,0,1
93,210,Fallen Aether,3,3,3,1,0,0,0,0,0,0,0,0,1,0
94,1203,Highland Defender,4,4,3,1,0,0,0,0,0,0,0,0,1,0
95,1232,Beastfury Shaman,3,2,3,1,0,0,0,0,0,0,0,0,1,0
96,1112,Onyx Nightblade,2,1,2,1,0,0,0,0,0,0,0,0,1,0
97,87066,Rune Writer,5,4,4,1,0,0,0,0,0,0,1,0,0,0
98,20,Dimension Looper,4,3,4,1,0,0,0,0,0,0,1,0,0,0
99,1238,Reconnaissance,2,0,0,0,0,1,0,0,1,0,0,0,0,0
100,835,Orfeo's Mask,5,0,2,0,0,0,1,0,1,0,0,0,0,0
101,1224,Uncanny Rogue,4,4,3,1,0,0,0,0,1,0,0,0,0,0
102,1017,Revivification,1,0,0,0,0,1,0,0,0,0,0,1,0,0
103,151,The Gatekeeper,8,3,7,1,0,0,0,0,0,0,0,0,1,0
104,357,Myrto's Daughter,5,2,2,1,0,0,0,0,0,0,0,1,0,0
105,100037,Phoenix Egg,1,0,2,1,0,0,0,0,0,0,0,0,1,0
106,87052,Jump On!,4,0,0,0,0,1,0,0,0,0,0,1,0,0
107,1148,Battle Aurochs,3,3,3,1,0,0,0,0,0,0,0,0,1,0
108,87051,Best Friends,1,0,0,0,0,1,0,0,0,0,0,1,0,0
109,929,Valka's Discovery,3,0,0,0,0,1,0,0,0,0,0,0,0,1
110,1141,Dark Knives,1,0,0,0,0,1,0,0,1,0,0,0,0,0
111,1000,Dryder Sailweaver,1,2,2,1,0,0,0,0,0,0,0,0,1,0
112,32,Spellwrought Angel,5,5,5,1,0,0,0,0,0,1,0,0,0,0
113,1178,Soothsayer,4,2,3,1,0,0,0,0,0,0,1,0,0,0
114,885,"Helia, the Illuminator",7,6,6,1,0,0,0,0,0,0,0,0,1,0
115,42,Dread Pirate,2,2,2,1,0,0,0,0,0,0,0,0,1,0
116,17,Mimicus,1,1,1,1,0,0,0,0,1,0,0,0,0,0
117,160,Dangerous Ritual,2,0,0,0,0,1,0,1,0,0,0,0,0,0
118,1210,Jinxblade Duelist,3,4,2,1,0,0,0,0,1,0,0,0,0,0
119,941,Spellbound Goblin,4,3,3,1,0,0,0,0,0,0,1,0,0,0
120,1057,Battle Cleric,5,2,2,1,0,0,0,0,0,1,0,0,0,0
121,1011,Astric Implosion,6,0,0,0,0,1,0,0,0,0,1,0,0,0
122,917,Vow of Champions,2,0,0,0,0,1,0,0,0,0,0,0,1,0
123,806,Skull Scepter,2,0,1,0,0,0,1,1,0,0,0,0,0,0
124,909,Antemion's Reflection,5,5,5,1,0,0,0,0,0,0,1,0,0,0
125,1201,Shield Maiden,2,2,3,1,0,0,0,0,0,0,0,0,1,0
126,335,Reborn Pharaoh,3,3,2,1,0,0,0,1,0,0,0,0,0,0
127,196,Master Tactician,2,2,2,1,0,0,0,0,0,0,0,0,0,1
128,76,Set Oshi,6,3,4,1,0,0,0,0,0,0,0,0,1,0
129,284,Dick Puddlecote,3,3,3,1,0,0,0,0,0,0,0,0,1,0
130,1135,A Toast To Peace,6,0,0,0,0,1,0,0,1,0,0,0,0,0
131,87058,Soul Bargain,1,0,0,0,0,1,0,1,0,0,0,0,0,0
132,861,Might Makes Right,4,0,0,0,0,1,0,0,0,0,0,0,0,1
133,1088,Cyclops Defender,7,6,10,1,0,0,0,0,0,0,0,0,1,0
134,61,Spellbound,1,0,0,0,0,1,0,0,1,0,0,0,0,0
135,299,Blacksmith Armourer,3,1,1,1,0,0,0,0,0,0,0,0,0,1
136,1199,Pacifism,2,0,0,0,0,1,0,0,0,1,0,0,0,0
137,927,Pallas' Incantation,6,0,0,0,0,1,0,0,0,0,1,0,0,0
138,66,Balance Ethereals,6,4,5,1,0,0,0,0,0,0,0,0,1,0
139,854,Dream Stalker,5,2,3,1,0,0,0,0,1,0,0,0,0,0
140,315,Lord of Whispers,4,2,4,1,0,0,0,0,1,0,0,0,0,0
141,158,Wizened Warlock,3,2,2,1,0,0,0,0,0,0,0,0,1,0
142,138,Hallowed Keeper,6,3,7,1,0,0,0,0,0,0,0,0,1,0
143,329,Labyrinth Minotaur,6,4,7,1,0,0,0,0,1,0,0,0,0,0
144,1202,Raving Necromancer,2,3,2,1,0,0,0,1,0,0,0,0,0,0
145,350,Beyond the Grave,1,0,0,0,0,1,0,0,0,1,0,0,0,0
146,1213,Harp Cupid,6,2,4,1,0,0,0,0,0,1,0,0,0,0
147,323,Anoint,2,0,0,0,0,1,0,0,0,1,0,0,0,0
148,117,Runestorm,5,0,0,0,0,1,0,0,0,0,1,0,0,0
149,100057,Sterling Spear,2,2,3,0,0,0,1,0,0,0,0,0,1,0
150,884,Aetheric Alarm,3,0,5,0,0,0,1,0,0,1,0,0,0,0
151,268,Sphinx Cat,4,3,2,1,0,0,0,0,0,0,0,0,1,0
152,867,Strength In Numbers,7,0,0,0,0,1,0,0,0,0,0,0,0,1
153,290,Ambush,3,0,0,0,0,1,0,0,1,0,0,0,0,0
154,1239,Morgana's Grimoire,2,0,3,0,0,0,1,0,0,0,1,0,0,0
155,100090,Hand Axe,0,2,1,0,0,0,1,0,0,0,0,0,0,1
156,312,Salvaged Sentinel,7,6,6,1,0,0,0,0,0,0,1,0,0,0
157,300,Guerilla Sabotage,3,0,0,0,0,1,0,0,1,0,0,0,0,0
158,100043,Broken Warrior,1,1,1,1,0,0,0,0,0,0,0,0,1,0
159,919,Trial of the Shadows,7,0,0,0,0,1,0,0,1,0,0,0,0,0
160,100060,Banished Shadow,1,1,1,1,0,0,0,0,0,0,0,0,1,0
161,1015,Staff of Shards,2,0,3,0,0,0,1,0,0,0,1,0,0,0
162,292,Gunpowder Plot,4,0,0,0,0,1,0,0,0,0,0,0,0,1
163,1222,Assassin's Aim,2,0,0,0,0,1,0,0,1,0,0,0,0,0
164,114,Tutankhamun,4,1,5,1,0,0,0,0,0,0,0,0,1,0
165,70,Greed Banestrider,3,4,4,1,0,0,0,1,0,0,0,0,0,0
166,1081,Arkmonian Anteater,1,1,3,1,0,0,0,0,0,0,0,0,1,0
167,356,Jungle Shepherd,3,1,1,1,0,0,0,0,0,1,0,0,0,0
168,1077,Trial Spirit,1,1,3,1,0,0,0,0,0,0,0,0,1,0
169,317,Inquisitor's Summons,5,0,0,0,0,1,0,0,0,1,0,0,0,0
170,1041,Tainted Treant,5,2,4,1,0,0,0,0,0,0,0,1,0,0
171,120,Astraea's Envoy,6,4,5,1,0,0,0,0,0,0,0,0,1,0
172,845,Seasonal Rebirth,7,0,0,0,0,1,0,0,0,0,0,1,0,0
173,87056,Corpse Swallower,6,5,6,1,0,0,0,1,0,0,0,0,0,0
174,1056,Helios Guardian,4,2,6,1,0,0,0,0,0,1,0,0,0,0
175,100064,Barbed Hook,0,1,1,0,0,0,1,0,0,0,0,0,1,0
176,1085,Phase Touched Golem,3,3,3,1,0,0,0,0,0,0,0,0,1,0
177,65001,Prometheus,6,10,10,1,0,0,0,0,0,0,0,0,1,0
178,1022,Orcish Elite,5,2,5,1,0,0,0,0,0,0,0,0,0,1
179,2,Siren of the Grave,1,2,2,1,0,0,0,1,0,0,0,0,0,0
180,232,Unruly Shredder,2,1,4,1,0,0,0,0,0,0,0,0,1,0
181,804,Necronomics,1,0,0,0,0,1,0,1,0,0,0,0,0,0
182,90,Synergy Golem,3,3,4,1,0,0,0,0,0,0,0,0,1,0
183,24,Midnight Cat,1,2,2,1,0,0,0,0,0,0,0,0,1,0
184,100003,"Orax, Shield of Pain",4,0,4,0,0,0,1,0,0,0,0,0,0,1
185,223,Tithe Collector,2,1,3,1,0,0,0,0,0,1,0,0,0,0
186,1161,Amazon Conscript,1,2,2,1,0,0,0,0,0,0,0,1,0,0
187,310,Equivalent Exchange,3,0,0,0,0,1,0,0,0,0,1,0,0,0
188,100112,Leech Life,3,0,0,0,1,0,0,0,0,0,0,1,0,0
189,78,Annoying Combatant,5,3,6,1,0,0,0,0,0,0,0,0,1,0
190,805,Soul Charlatan,3,3,4,1,0,0,0,1,0,0,0,0,0,0
191,1095,Dune Cavalry,3,3,4,1,0,0,0,0,0,0,0,0,1,0
192,935,Guild Siren,2,2,3,1,0,0,0,0,1,0,0,0,0,0
193,1060,Patience Priestess,4,2,3,1,0,0,0,0,0,1,0,0,0,0
194,1071,Pyrrhic Adolescent,4,4,4,1,0,0,0,0,0,0,0,0,1,0
195,325,Mindful Orc,3,2,4,1,0,0,0,0,0,0,0,0,1,0
196,80,Overclock,1,0,0,0,0,1,0,0,1,0,0,0,0,0
197,1027,Slip Blade,5,1,2,0,0,0,1,0,1,0,0,0,0,0
198,1207,Dionysian Drunk,3,3,2,1,0,0,0,0,1,0,0,0,0,0
199,192,Actuary of War,4,2,3,1,0,0,0,0,0,0,0,0,0,1
200,181,Daemonic Offering,3,0,0,0,0,1,0,1,0,0,0,0,0,0
201,87077,Ransom,4,0,0,0,0,1,0,0,1,0,0,0,0,0
202,100920,First Pillar,4,2,5,1,0,0,0,0,0,1,0,0,0,0
203,1211,Mire Bloodworm,3,1,4,1,0,0,0,0,0,0,0,0,1,0
204,100036,Sentient Flameblades,0,5,2,0,0,0,1,0,0,0,0,0,0,1
205,87072,Glider Assailant,2,3,2,1,0,0,0,0,1,0,0,0,0,0
206,213,Prodigious Armourer,3,2,3,1,0,0,0,0,0,0,0,0,0,1
207,34,Foolhardy Berserker,2,3,2,1,0,0,0,0,0,0,0,0,1,0
208,100125,Thievery,0,0,0,0,1,0,0,0,1,0,0,0,0,0
209,1196,Triumvirate Prophet,3,1,2,1,0,0,0,0,0,1,0,0,0,0
210,100055,Rune of Strength,2,0,0,0,0,1,0,0,0,0,0,0,1,0
211,814,Rod of Rodents,3,1,2,0,0,0,1,0,0,0,1,0,0,0
212,387,Protected Deamonbot,5,5,2,1,0,0,0,0,0,0,0,0,1,0
213,1164,Tomb Torchbearer,1,1,1,1,0,0,0,0,0,0,0,0,1,0
214,100147,Crocodile,3,4,3,1,0,0,0,0,0,0,0,1,0,0
215,227,Hollow Pillager,3,2,1,1,0,0,0,0,0,0,0,0,1,0
216,44,Unnatural Binding,1,0,0,0,0,1,0,1,0,0,0,0,0,0
217,48,Ignean Roulette,1,0,0,0,0,1,0,0,1,0,0,0,0,0
218,97,Glass Cannon,3,7,2,1,0,0,0,0,0,0,0,0,1,0
219,400,First Phoenix,5,5,1,1,0,0,0,0,0,0,0,1,0,0
220,1006,Purification Filter,6,0,0,0,0,1,0,0,0,1,0,0,0,0
221,940,Blessing of Magic,2,0,0,0,0,1,0,0,0,0,1,0,0,0
222,308,Take Them All On,2,0,0,0,0,1,0,0,0,0,0,0,0,1
223,100039,Brash Chicken,1,2,2,1,0,0,0,0,0,0,0,0,1,0
224,1194,Felid Assassin,1,3,1,1,0,0,0,0,1,0,0,0,0,0
225,246,Trojan Golem,2,2,1,1,0,0,0,0,0,0,0,0,1,0
226,882,Burden of Proof,3,0,0,0,0,1,0,0,0,1,0,0,0,0
227,28,Apate Conspirator,1,2,1,1,0,0,0,0,1,0,0,0,0,0
228,33,Sentinel Princess,1,2,2,1,0,0,0,0,0,0,0,0,1,0
229,220,Field Nurse,1,1,2,1,0,0,0,0,0,1,0,0,0,0
230,168,Lost In The Depths,1,0,0,0,0,1,0,0,0,0,1,0,0,0
231,321,Forty Days,2,0,0,0,0,1,0,0,0,1,0,0,0,0
232,46,Untold Greed,1,0,0,0,0,1,0,1,0,0,0,0,0,0
233,87053,Wildroot Staff,5,1,2,0,0,0,1,0,0,0,0,1,0,0
234,100107,Undying Wish,2,0,0,0,1,0,0,1,0,0,0,0,0,0
235,327,Canonize,5,0,0,0,0,1,0,0,0,1,0,0,0,0
236,100106,Soul Burn,2,0,0,0,1,0,0,1,0,0,0,0,0,0
237,87025,Reckless Flamebreather,8,5,5,1,0,0,0,0,0,0,0,0,1,0
238,1053,Devouring Blade,4,2,2,0,0,0,1,0,0,0,0,0,0,1
239,240,Spelljam Shaman,4,2,3,1,0,0,0,0,0,0,0,1,0,0
240,19,Mountain Greatwyrm,7,4,9,1,0,0,0,0,0,0,0,0,0,1
241,195,Cyclops,6,5,5,1,0,0,0,0,0,0,0,0,0,1
242,314,Warp Engineer,2,1,3,1,0,0,0,0,0,0,1,0,0,0
243,374,Backstreet Bouncer,1,1,1,1,0,0,0,0,0,0,0,0,1,0
244,87039,Peacebringer,8,4,7,1,0,0,0,0,0,1,0,0,0,0
245,1195,Devoted Follower,2,3,2,1,0,0,0,0,0,1,0,0,0,0
246,1032,Writhing Spirit,1,3,3,1,0,0,0,1,0,0,0,0,0,0
247,148,Cambion Runelord,7,5,5,1,0,0,0,0,0,0,0,0,1,0
248,846,"Dionysus, the Bountiful",9,8,8,1,0,0,0,0,0,0,0,1,0,0
249,1074,Pyrrhic Hatchling,2,2,3,1,0,0,0,0,0,0,0,0,1,0
250,92,Runic Familiar,2,2,1,1,0,0,0,0,0,0,1,0,0,0
251,261,Blessed Jackalope,1,1,1,1,0,0,0,0,0,1,0,0,0,0
252,87057,Necromantic,8,4,4,1,0,0,0,1,0,0,0,0,0,0
253,376,Iron-tooth Goblin,2,2,2,1,0,0,0,0,0,0,0,0,1,0
254,100104,Blastwave,2,0,0,0,1,0,0,0,0,0,1,0,0,0
255,351,Archimedes Mirror,6,1,6,1,0,0,0,0,0,0,1,0,0,0
256,243,Leywraith,6,4,5,1,0,0,0,0,0,0,0,0,1,0
257,12,Sanctify,2,0,0,0,0,1,0,0,0,1,0,0,0,0
258,41,Pocket Channeler,5,4,4,1,0,0,0,0,0,0,1,0,0,0
259,823,Arcane Burst,7,0,0,0,0,1,0,0,0,0,1,0,0,0
260,856,Pan Marauder,6,6,6,1,0,0,0,0,1,0,0,0,0,0
261,68,"Petard ""Elder""",3,3,2,1,0,0,0,0,0,0,0,0,1,0
262,100072,Bomb,0,0,0,0,0,1,0,0,1,0,0,0,0,0
263,1145,The Nemean Lion,3,2,2,1,0,0,0,0,0,0,0,0,1,0
264,1144,Athena's Conjurer,6,2,4,1,0,0,0,0,0,0,0,0,1,0
265,27,Ashen Drake,7,6,5,1,0,0,0,0,0,0,0,0,1,0
266,829,"Orfeo, Champion of Deception",1,1,1,1,0,0,0,0,1,0,0,0,0,0
267,216,Ruthless Caipora,5,3,3,1,0,0,0,0,0,0,0,0,1,0
268,121,Agrodor Protector,4,3,5,1,0,0,0,0,0,0,0,1,0,0
269,85,Gleeful Pillager,2,1,2,1,0,0,0,0,1,0,0,0,0,0
270,1226,Aether Vanguard,6,4,4,1,0,0,0,0,0,0,0,0,1,0
271,143,Pixielock,3,1,3,1,0,0,0,0,0,0,0,0,1,0
272,178,Ancient Texts,1,0,0,0,0,1,0,0,0,0,1,0,0,0
273,1121,Anti-Magic Expert,8,3,10,1,0,0,0,0,1,0,0,0,0,0
274,13,Charm,8,0,0,0,0,1,0,0,1,0,0,0,0,0
275,279,Seraph,5,1,1,1,0,0,0,0,0,1,0,0,0,0
276,853,Satyr Hypnotist,2,2,2,1,0,0,0,0,1,0,0,0,0,0
277,893,Parthene Guardian,2,1,1,1,0,0,0,0,0,0,0,0,1,0
278,118,Penitent Spear,6,5,2,0,0,0,1,0,0,0,0,0,0,1
279,211,Deathsworn Raider,3,3,2,1,0,0,0,0,0,0,0,0,0,1
280,100044,Pyroclast,1,1,1,1,0,0,0,0,0,0,0,0,1,0
281,1215,Ghost Marauder,1,3,1,1,0,0,0,0,0,0,0,0,1,0
282,100004,Ruin,2,0,0,0,1,0,0,0,0,0,0,0,0,1
283,100009,Cultivate,2,0,0,0,1,0,0,0,0,0,0,1,0,0
284,281,Red Fume Dash,2,0,0,0,0,1,0,0,0,0,0,0,0,1
285,100140,Battlethrall,1,1,1,1,0,0,0,0,0,0,0,0,1,0
286,359,Bucking Bronco,5,4,3,1,0,0,0,0,0,0,0,1,0,0
287,45,Felid Tracker,2,5,1,1,0,0,0,0,0,0,0,0,1,0
288,1099,Rampart,1,0,6,1,0,0,0,0,0,0,0,0,1,0
289,177,Exoscout,6,4,5,1,0,0,0,0,0,0,1,0,0,0
290,100007,Shine,2,0,0,0,1,0,0,0,0,1,0,0,0,0
291,1063,"Asterius, Glittering One",6,4,6,1,0,0,0,0,0,1,0,0,0,0
292,298,Runaway Trebuchet,5,4,1,1,0,0,0,0,0,0,0,0,0,1
293,1030,Sand Scorpion,5,1,4,1,0,0,0,1,0,0,0,0,0,0
294,100041,Injured Soldier,1,1,2,1,0,0,0,0,0,0,0,0,1,0
295,892,Diligent Architect,3,2,2,1,0,0,0,0,0,0,0,0,1,0
296,1025,"Thalia, Charite Temptress",6,4,3,1,0,0,0,0,1,0,0,0,0,0
297,100047,Sleeper Golem,3,3,2,1,0,0,0,0,1,0,0,0,0,0
298,910,Arkmonian Hydra,7,6,6,1,0,0,0,0,0,0,0,1,0,0
299,87024,Achillean Dedicant,8,6,7,1,0,0,0,0,0,0,0,0,1,0
300,857,Elixir of the Snake,6,0,0,0,0,1,0,0,1,0,0,0,0,0
301,1168,Oliphaunt Mount,7,7,7,1,0,0,0,0,0,0,0,1,0,0
302,100127,Magebolt,3,0,0,0,1,0,0,0,0,0,1,0,0,0
303,936,Battle Priest,3,2,4,1,0,0,0,0,0,1,0,0,0,0
304,172,Wild Spellsinger,6,5,6,1,0,0,0,0,0,0,0,0,1,0
305,1129,End Times,8,0,0,0,0,1,0,1,0,0,0,0,0,0
306,100070,"Octavia, Manashard Queen",1,7,7,1,0,0,0,0,0,0,0,0,1,0
307,347,Nightmare,1,0,0,0,0,1,0,0,1,0,0,0,0,0
308,816,Recovered Knowledge,3,0,0,0,0,1,0,0,0,0,1,0,0,0
309,1029,Bombfly,1,2,1,1,0,0,0,1,0,0,0,0,0,0
310,100144,Acolyte,1,2,2,1,0,0,0,0,0,1,0,0,0,0
311,182,High Thaumaturge,2,1,2,1,0,0,0,0,0,1,0,0,0,0
312,1,Nethergram,7,0,0,0,0,1,0,1,0,0,0,0,0,0
313,1109,"Porphyrion, Dread Cyclops",7,7,8,1,0,0,0,0,0,0,0,0,1,0
314,30,Radiant Guardian,7,5,7,1,0,0,0,0,0,1,0,0,0,0
315,87022,Anubian Usher,7,8,6,1,0,0,0,0,0,0,0,0,1,0
316,276,Vile Mantis,4,3,2,1,0,0,0,1,0,0,0,0,0,0
317,1007,Darkdream Hex,3,0,0,0,0,1,0,0,1,0,0,0,0,0
318,8,Eternal Servant,3,1,3,1,0,0,0,1,0,0,0,0,0,0
319,822,Mana Auditor,6,4,4,1,0,0,0,0,0,0,1,0,0,0
320,899,Thebian Strategos,5,2,6,1,0,0,0,0,0,0,0,0,1,0
321,251,Flying Carpet,1,3,1,1,0,0,0,0,0,0,1,0,0,0
322,1136,Deadly Arsenal,1,0,0,0,0,1,0,0,0,0,0,0,0,1
323,87074,Secrets Broker,5,5,4,1,0,0,0,0,1,0,0,0,0,0
324,1227,Veteran Cataphract,7,6,6,1,0,0,0,0,0,0,0,0,1,0
325,859,Hierophant Silenus,5,4,3,1,0,0,0,0,1,0,0,0,0,0
326,1243,Tracking Bolt,2,0,0,0,0,1,0,0,0,0,1,0,0,0
327,87067,Illuminate,1,0,0,0,0,1,0,0,0,0,1,0,0,0
328,1175,Veteran Archer,4,2,3,1,0,0,0,0,0,0,0,0,1,0
329,100884,Aetheric Echo,1,0,2,1,0,0,0,0,0,1,0,0,0,0
330,870,"Hyrtacus, Brazen Hero",6,3,6,1,0,0,0,0,0,0,0,0,0,1
331,282,Rune Smuggler,6,4,5,1,0,0,0,0,0,0,0,0,1,0
332,96,Blade Trader Drosis,3,3,3,1,0,0,0,0,0,0,0,0,1,0
333,128,Cudgel of Atonement,1,2,2,0,0,0,1,0,0,1,0,0,0,0
334,157,Furies,7,3,3,1,0,0,0,0,0,0,0,0,0,1
335,65004,Citadel of the Gods,1,0,0,0,0,1,0,0,0,0,0,0,1,0
336,163,Mercenary Daemon,5,6,5,1,0,0,0,0,0,0,0,0,0,1
337,1229,Void Banshee,2,4,3,1,0,0,0,1,0,0,0,0,0,0
338,812,Form of Wisdom,2,0,0,0,0,1,0,0,0,0,1,0,0,0
339,100123,Slayer,3,0,0,0,1,0,0,0,0,0,0,0,0,1
340,807,Ataraxia,4,0,0,0,0,1,0,1,0,0,0,0,0,0
341,1016,Inferno,7,0,0,0,0,1,0,0,0,0,1,0,0,0
342,100067,Giant Elk,2,2,3,1,0,0,0,0,0,0,0,1,0,0
343,890,Frumentarii Instigator,4,3,4,1,0,0,0,0,0,0,0,0,1,0
344,87036,Battlement Luminary,2,2,1,1,0,0,0,0,0,1,0,0,0,0
345,100105,Discovery,2,0,0,0,1,0,0,0,0,0,1,0,0,0
346,1005,Imperious Smite,4,0,0,0,0,1,0,0,0,1,0,0,0,0
347,1044,Staff of Roots,2,1,2,0,0,0,1,0,0,0,0,1,0,0
348,79,Hunger Daemon,3,3,3,1,0,0,0,1,0,0,0,0,0,0
349,1079,Sentient Amphora,2,0,2,1,0,0,0,0,0,0,0,0,1,0
350,56,Pharaoh's Body-Double,2,2,1,1,0,0,0,0,0,1,0,0,0,0
351,1184,Tomb Blademaster,7,3,4,1,0,0,0,0,0,0,0,0,1,0
352,87026,Apep's Doomcaller,8,6,8,1,0,0,0,0,0,0,0,0,1,0
353,187,Hooded Doppelganger,6,6,5,1,0,0,0,0,0,0,0,0,1,0
354,214,Shrine of Sothek,3,0,2,1,0,0,0,0,0,0,0,1,0,0
355,836,Frenzied Ritual,4,0,0,0,0,1,0,0,0,0,0,1,0,0
356,813,Academy Familiar,1,1,3,1,0,0,0,0,0,0,1,0,0,0
357,141,Underhand Thug,3,1,2,1,0,0,0,0,1,0,0,0,0,0
358,87071,Lambasting Wand,2,1,3,0,0,0,1,0,0,0,1,0,0,0
359,107,Erratic Summons,2,0,0,0,0,1,0,0,0,0,1,0,0,0
360,65002,Atlas,7,10,10,1,0,0,0,0,0,0,0,0,1,0
361,103,Shadow Prince,7,5,7,1,0,0,0,0,0,0,1,0,0,0
362,1234,Born Again,6,0,0,0,0,1,0,0,0,1,0,0,0,0
363,119,Golden Harpe,3,0,3,0,0,0,1,0,0,1,0,0,0,0
364,250,Three's a Crowd,6,0,0,0,0,1,0,0,1,0,0,0,0,0
365,100133,Ancient Executioner,3,3,2,1,0,0,0,0,0,0,0,0,1,0
366,136,Cyrene's Blessing,2,0,0,0,0,1,0,0,0,0,0,1,0,0
367,22,"Anubis, Guide of Souls",6,5,6,1,0,0,0,0,0,0,0,0,1,0
368,87011,Hoplite Initiate,3,1,4,1,0,0,0,0,0,0,0,0,1,0
369,837,Enchanted Vines,6,0,0,0,0,1,0,0,0,0,0,1,0,0
370,1171,Double Dealer,7,2,1,1,0,0,0,0,1,0,0,0,0,0
371,1026,Lokian Disciple,7,6,8,1,0,0,0,0,1,0,0,0,0,0
372,234,Guardian of the Gates,3,1,1,1,0,0,0,0,0,0,1,0,0,0
373,208,Thresher Bug,2,2,2,1,0,0,0,0,0,0,0,1,0,0
374,100910,Hydra Head,2,3,2,1,0,0,0,0,0,0,0,1,0,0
375,100128,Amazon Recruit,1,1,1,1,0,0,0,0,0,0,0,0,1,0
376,179,Trapdoor Assassin,2,4,1,1,0,0,0,0,1,0,0,0,0,0
377,84,Arcane Transcendent,3,3,3,1,0,0,0,0,0,0,1,0,0,0
378,904,Ghostly Chariot,3,2,3,1,0,0,0,0,0,0,0,0,1,0
379,1166,Bladefly,4,2,2,1,0,0,0,0,0,0,0,1,0,0
380,134,Compost Charm,2,0,0,0,0,1,0,0,0,0,0,1,0,0
381,1122,Mana Toad,3,2,1,1,0,0,0,0,0,0,1,0,0,0
382,57,Swelling Boon,5,0,0,0,0,1,0,0,0,0,0,1,0,0
383,1247,Seeing Stone,1,0,0,0,0,1,0,0,0,0,1,0,0,0
384,100141,Huscarl,1,1,1,1,0,0,0,0,0,0,0,0,1,0
385,1082,Tribal Orc,1,2,2,1,0,0,0,0,0,0,0,0,1,0
386,54,Scarab Swarm,1,1,2,1,0,0,0,0,0,0,0,0,1,0
387,1150,Spartan,3,2,3,1,0,0,0,0,0,0,0,0,1,0
388,87004,Wild Hog,1,2,3,1,0,0,0,0,0,0,0,0,1,0
389,288,Ra's Ascension,4,0,0,0,0,1,0,0,0,1,0,0,0,0
390,881,Dowsing Blade,1,1,1,0,0,0,1,0,0,1,0,0,0,0
391,1049,"Gersemi, Freyja's Spear",3,4,2,1,0,0,0,0,0,0,0,1,0,0
392,291,Faraday Cage,4,0,0,0,0,1,0,0,0,0,1,0,0,0
393,386,Shadow Banisher,4,0,6,0,0,0,1,0,0,0,1,0,0,0
394,275,Bearstrider,4,2,5,1,0,0,0,0,0,0,0,0,0,1
395,272,Venerable Gryphon,2,3,4,1,0,0,0,0,0,0,0,0,1,0
396,88,Shady Merchant,3,1,3,1,0,0,0,0,1,0,0,0,0,0
397,1059,Holy Enchanter,4,2,4,1,0,0,0,0,0,1,0,0,0,0
398,166,The Nether Prince,6,7,8,1,0,0,0,0,0,0,0,0,1,0
399,100143,Destructive Dagger,2,1,1,0,0,0,1,0,0,0,0,0,1,0
400,1134,Void Flash,4,0,0,0,0,1,0,1,0,0,0,0,0,0
401,811,Hippacria's Monster,9,0,1,1,0,0,0,1,0,0,0,0,0,0
402,43,Simple Satyr,1,1,2,1,0,0,0,0,0,0,0,1,0,0
403,394,Aether Chest,3,0,6,1,0,0,0,0,0,0,0,0,1,0
404,100116,Heaven's Light,2,0,0,0,1,0,0,0,0,1,0,0,0,0
405,125,Enflame Self,1,0,0,0,0,1,0,1,0,0,0,0,0,0
406,924,Neferu's Will,5,0,0,0,0,1,0,1,0,0,0,0,0,0
407,1066,Void Drake,7,7,5,1,0,0,0,0,0,0,0,0,1,0
408,1162,Singsong Satyr,4,2,3,1,0,0,0,0,0,0,0,0,1,0
409,72,Scythes of the Harvest,4,4,2,0,0,0,1,0,0,0,0,0,0,1
410,274,Crush Construct,6,8,8,1,0,0,0,0,0,0,0,0,1,0
411,1163,"Zaxiom, Cryptic Panther",5,4,4,1,0,0,0,0,0,0,0,0,1,0
412,87043,Pluck From Fate,3,0,0,0,0,1,0,0,0,1,0,0,0,0
413,933,Blessing of Deception,2,0,0,0,0,1,0,0,1,0,0,0,0,0
414,301,Druidic Summons,4,0,0,0,0,1,0,0,0,0,0,1,0,0
415,944,Sudden Rally,3,0,0,0,0,1,0,0,0,0,0,1,0,0
416,58,Nullmaw,5,7,6,1,0,0,0,0,0,0,0,0,1,0
417,100126,Clear Mind,2,0,0,0,1,0,0,0,0,0,1,0,0,0
418,100139,Demonic Skull,10,9,9,1,0,0,0,1,0,0,0,0,0,0
419,1149,"Hector, Prince of Troy",7,6,6,1,0,0,0,0,0,0,0,0,0,1
420,140,Death Masque,4,3,5,1,0,0,0,0,0,0,0,0,1,0
421,1103,Tomb Priest,4,4,4,1,0,0,0,0,0,0,0,0,1,0
422,87041,Commune With The Light,3,0,0,0,0,1,0,0,0,1,0,0,0,0
423,337,"Pandora, The Curious",4,2,5,1,0,0,0,0,0,0,0,0,1,0
424,100131,Skeleton,1,1,1,1,0,0,0,0,0,0,0,0,1,0
425,903,Pious Giant,6,6,6,1,0,0,0,0,0,0,0,0,1,0
426,341,Merchant Prince,4,2,4,1,0,0,0,0,1,0,0,0,0,0
427,901,Student of Society,1,1,2,1,0,0,0,0,0,0,0,0,1,0
428,87002,Barricade,2,1,4,1,0,0,0,0,0,0,0,0,1,0
429,111,Soul Jar,3,0,3,1,0,0,0,0,0,0,0,0,1,0
430,384,Magic Missile Launcher,4,3,2,0,0,0,1,0,0,0,0,0,0,1
431,381,Arcane Sphere,1,1,2,1,0,0,0,0,0,0,0,0,1,0
432,263,Crimson Oni,4,6,5,1,0,0,0,1,0,0,0,0,0,0
433,1094,Viking Outrider,3,4,3,1,0,0,0,0,0,0,0,0,1,0
434,358,Avatar of Magic,9,9,9,1,0,0,0,0,0,0,1,0,0,0
435,167,Sulphuric Rain,1,0,0,0,0,1,0,1,0,0,0,0,0,0
436,913,Ludia's Deception,1,0,0,0,0,1,0,0,1,0,0,0,0,0
437,1043,Nefarious Briar,4,3,4,1,0,0,0,0,0,0,0,1,0,0
438,87010,Jailbeast,3,3,2,1,0,0,0,0,0,0,0,0,1,0
439,802,Forbidden Experiment,1,0,0,0,0,1,0,1,0,0,0,0,0,0
440,863,Nokkvi Pillager,3,3,3,1,0,0,0,0,0,0,0,0,0,1
441,1031,Vampiric Skull,6,6,6,1,0,0,0,1,0,0,0,0,0,0
442,289,Alms For Service,1,0,0,0,0,1,0,0,0,1,0,0,0,0
443,945,Blessing of War,3,0,0,0,0,1,0,0,0,0,0,0,0,1
444,100129,Walking Tree,2,2,2,1,0,0,0,0,0,0,0,1,0,0
445,115,Master of Surprises,6,8,5,1,0,0,0,0,1,0,0,0,0,0
446,171,Will O' Wisp,2,1,1,1,0,0,0,0,0,1,0,0,0,0
447,100058,Glamoured Gladius,2,1,3,0,0,0,1,0,0,0,0,0,1,0
448,206,Leviathan Hunter,1,2,1,1,0,0,0,0,0,0,0,0,1,0
449,1102,Auric Mage,6,3,4,1,0,0,0,0,0,0,0,0,0,1
450,194,Raving Fan,1,0,2,1,0,0,0,0,0,0,0,0,1,0
451,87015,Flamecaller,5,1,2,1,0,0,0,0,0,0,0,0,1,0
452,316,Well of Power,5,0,0,0,0,1,0,0,0,0,1,0,0,0
453,894,Satyr Outcast,1,1,3,1,0,0,0,0,0,0,0,0,1,0
454,1126,Tartessian Improviser,1,2,1,1,0,0,0,0,0,0,0,0,0,1
455,87014,Underbridge Assailant,4,5,3,1,0,0,0,0,0,0,0,0,1,0
456,65000,Hyperion,1,10,10,1,0,0,0,0,0,0,0,0,1,0
457,843,Steadfast Scout,3,1,3,1,0,0,0,0,0,0,0,1,0,0
458,1023,Mercenary Troop,4,0,0,0,0,1,0,0,0,0,0,0,0,1
459,1181,Combat Medic,3,3,3,1,0,0,0,0,0,0,0,0,1,0
460,248,Reflection Elementalist,5,3,4,1,0,0,0,0,0,0,0,0,1,0
461,1062,Illuminated Warrior,1,2,2,1,0,0,0,0,0,1,0,0,0,0
462,923,Trial of the Innocents,6,0,0,0,0,1,0,0,0,0,0,0,0,1
463,241,Servant of Inti,3,5,1,1,0,0,0,0,0,0,0,0,1,0
464,87034,Over-proof Brew,5,0,0,0,0,1,0,0,0,0,0,0,0,1
465,100066,Warrior,2,2,2,1,0,0,0,0,0,0,0,0,0,1
466,937,Healing Light,4,0,0,0,0,1,0,0,0,1,0,0,0,0
467,1124,Patron's Sacrament,1,0,0,0,0,1,0,0,0,1,0,0,0,0
468,7,Broken Harvester,1,1,5,1,0,0,0,0,0,0,0,0,1,0
469,100138,Netherspawn,6,6,6,1,0,0,0,0,0,0,0,0,1,0
470,833,Valka's Axe,5,0,1,0,0,0,1,0,0,0,0,0,0,1
471,25,"Odin, Endless War",8,5,5,1,0,0,0,0,0,0,0,0,0,1
472,257,La Bolefuego,5,3,5,1,0,0,0,0,0,0,0,0,1,0
473,21,"Osiris, the Eternal",3,3,4,1,0,0,0,0,0,1,0,0,0,0
474,1216,Town Guardian,4,3,4,1,0,0,0,0,0,0,0,0,1,0
475,100038,Chicken Egg,1,0,3,1,0,0,0,0,0,0,0,0,1,0
476,803,Return to the Cave,1,0,0,0,0,1,0,1,0,0,0,0,0,0
477,16,Faustian Pact,3,0,0,0,0,1,0,1,0,0,0,0,0,0
478,94,Demogorgon,7,4,6,1,0,0,0,0,0,0,0,0,1,0
479,1076,Battlebard,1,2,1,1,0,0,0,0,0,0,0,0,1,0
480,98,The Sky Reaver,5,5,5,1,0,0,0,0,0,0,0,0,1,0
481,100,"Hercules, Son of Zeus",7,6,7,1,0,0,0,0,0,0,0,0,1,0
482,173,Blade Trial Valkyrie,6,4,4,1,0,0,0,0,0,0,0,0,0,1
483,87037,Barbed Portcullis,3,2,4,1,0,0,0,0,0,0,0,0,1,0
484,352,Arcana-Daemon,3,4,2,1,0,0,0,0,0,0,1,0,0,0
485,1104,Catapult,5,0,5,1,0,0,0,0,0,0,0,0,1,0
486,100130,Impling,1,1,1,1,0,0,0,0,0,0,0,0,1,0
487,880,Tartessian Sentry,4,3,3,1,0,0,0,0,0,1,0,0,0,0
488,872,Fortify,2,0,0,0,0,1,0,0,0,1,0,0,0,0
489,1158,Switch Duelist,1,3,1,1,0,0,0,0,1,0,0,0,0,0
490,1111,Frost Giant Deadshot,6,4,5,1,0,0,0,0,0,0,0,0,1,0
491,1160,Athenian Archer,1,1,2,1,0,0,0,0,0,0,0,0,1,0
492,164,Azure Djinni,7,6,4,1,0,0,0,0,0,0,0,0,1,0
493,31,Photogenesis,7,0,0,0,0,1,0,0,0,0,0,1,0,0
494,898,Injured Hetairoi,4,4,6,1,0,0,0,0,0,0,0,0,1,0
495,390,Golden Sabre,2,2,3,0,0,0,1,0,0,1,0,0,0,0
496,36,Natural Selection,2,0,0,0,0,1,0,0,0,0,0,1,0,0
497,1123,Guerilla Training,2,0,0,0,0,1,0,0,0,0,0,1,0,0
498,105,Pilgrim of the Cause,2,1,2,1,0,0,0,0,0,1,0,0,0,0
499,67,Golem Centurion,7,5,7,1,0,0,0,0,0,0,0,0,1,0
500,87075,Wiznapper,8,5,4,1,0,0,0,0,1,0,0,0,0,0
501,1257,Pyreshell Beetle,1,1,3,1,0,0,0,0,0,0,0,0,1,0
502,3,Amazon Hearteater,5,4,4,1,0,0,0,1,0,0,0,0,0,0
503,1083,Planetar Centurion,7,7,7,1,0,0,0,0,0,0,0,0,1,0
504,87031,Fury,1,0,0,0,0,1,0,0,0,0,0,0,0,1
505,1020,Zealous March,8,0,0,0,0,1,0,0,0,1,0,0,0,0
506,280,Laertes' Vendetta,4,0,0,0,0,1,0,0,1,0,0,0,0,0
507,311,Arms Trafficker,2,1,4,1,0,0,0,0,0,0,0,0,1,0
508,922,Trial of the Hydra,5,0,0,0,0,1,0,0,0,0,0,1,0,0
509,254,Primal Guidance,1,0,0,0,0,1,0,0,0,0,0,1,0,0
510,1173,Wicked Fae,2,1,1,1,0,0,0,0,0,0,0,0,1,0
511,87009,Hunt Warden,3,3,4,1,0,0,0,0,0,0,0,0,1,0
512,87080,Poisoned Dagger,4,3,1,0,0,0,1,0,1,0,0,0,0,0
513,87061,Rebuild Differently,7,0,0,0,0,1,0,1,0,0,0,0,0,0
514,868,Bladesworn Warrior,4,3,3,1,0,0,0,0,0,0,0,0,0,1
515,252,Sleep Dart,2,0,0,0,0,1,0,0,1,0,0,0,0,0
516,294,Cavern Arachne,5,5,6,1,0,0,0,0,0,0,0,0,1,0
517,331,Identity Thief,7,4,4,1,0,0,0,0,1,0,0,0,0,0
518,87050,Untamed Regrowth,3,0,0,0,0,1,0,0,0,0,0,1,0,0
519,87017,Summoner's Guide,5,2,5,1,0,0,0,0,0,0,0,0,1,0
520,1248,Assistant Alchemist,1,2,2,1,0,0,0,0,0,0,1,0,0,0
521,819,"Archimea, Arithmancer",5,3,5,1,0,0,0,0,0,0,1,0,0,0
522,63,Uproot,2,0,0,0,0,1,0,0,0,0,0,1,0,0
523,1218,Eager Nobleborn,2,2,1,1,0,0,0,0,0,0,0,0,1,0
524,815,Aether Herald,2,2,2,1,0,0,0,0,0,0,1,0,0,0
525,1251,Prescient Spellbinder,3,3,3,1,0,0,0,0,0,0,1,0,0,0
526,403,Blessed Ibis,7,4,5,1,0,0,0,0,0,0,0,0,1,0
527,100051,Heavy Anim,2,2,3,1,0,0,0,0,0,0,0,0,1,0
528,100048,Aching Disciple,1,3,1,1,0,0,0,0,0,0,0,0,1,0
529,95,That Which Aches,6,3,7,1,0,0,0,0,0,0,0,0,1,0
530,39,Arrest Warrant,6,0,0,0,0,1,0,0,0,1,0,0,0,0
531,862,Commander's Gladius,2,1,2,0,0,0,1,0,0,0,0,0,0,1
532,100008,Seer,2,0,0,0,1,0,0,0,0,0,1,0,0,0
533,236,Stun Gun Construct,4,4,3,1,0,0,0,0,0,0,0,0,1,0
534,1254,Ratify,5,0,0,0,0,1,0,0,0,0,1,0,0,0
535,249,Netherborne Binder,1,2,3,1,0,0,0,0,0,0,0,0,1,0
536,949,Dragonkin Caller,4,3,3,1,0,0,0,0,0,0,0,0,1,0
537,100071,Rat,0,1,1,1,0,0,0,0,0,0,0,0,1,0
538,326,Devout Cleric,1,1,3,1,0,0,0,0,0,1,0,0,0,0
539,1004,Opalised Roots,6,0,0,0,0,1,0,0,0,0,0,1,0,0
540,188,Rockdrake Egg,2,0,6,1,0,0,0,0,0,0,0,0,1,0
541,855,Elixir of the Panther,5,0,0,0,0,1,0,0,1,0,0,0,0,0
542,127,Corrupt Ceremony,1,0,0,0,0,1,0,1,0,0,0,0,0,0
543,1042,Overgrown Rhino,4,5,5,1,0,0,0,0,0,0,0,1,0,0
544,355,Eager Gryphon,2,2,3,1,0,0,0,0,0,0,0,0,1,0
545,1003,Arkmonian Onslaught,5,0,0,0,0,1,0,0,0,0,0,1,0,0
546,912,Tartessian Pear,4,0,3,0,0,0,1,0,0,0,0,0,0,1
547,100110,Forage,2,0,0,0,1,0,0,0,0,0,0,1,0,0
548,1113,Helian Blademaster,6,5,5,1,0,0,0,0,0,0,0,0,1,0
549,6,Ancient Curse,3,0,0,0,0,1,0,0,1,0,0,0,0,0
550,820,Form of Power,1,0,0,0,0,1,0,0,0,0,1,0,0,0
551,874,Olympian Guard,2,1,2,1,0,0,0,0,0,1,0,0,0,0
552,1115,Hunting Trap,2,0,0,0,0,1,0,0,1,0,0,0,0,0
553,1231,Thebian Brawler,4,2,6,1,0,0,0,0,0,0,0,0,1,0
554,262,Mark of the Warden,2,0,0,0,0,1,0,0,0,0,0,1,0,0
555,1092,Vanir Lion,4,5,3,1,0,0,0,0,0,0,0,0,1,0
556,100049,Iron Anim,2,3,3,1,0,0,0,0,0,0,0,0,1,0
557,319,"Griffith, The Chosen",7,6,7,1,0,0,0,0,0,1,0,0,0,0
558,69,Malfunctioning Servitor,3,3,3,1,0,0,0,0,0,0,0,0,1,0
559,87007,Panacean Messenger,2,2,3,1,0,0,0,0,0,0,0,0,1,0
560,847,"Chiron, the Teacher",1,1,1,1,0,0,0,0,0,0,0,1,0,0
561,87070,Epiphany,7,0,0,0,0,1,0,0,0,0,1,0,0,0
562,304,The Harvester,6,3,4,1,0,0,0,1,0,0,0,0,0,0
563,1054,Chalice Priest,2,1,4,1,0,0,0,0,0,1,0,0,0,0
564,15,Respected Jarl,2,2,1,1,0,0,0,0,0,0,0,0,0,1
565,401,Light's Bidding,6,2,3,1,0,0,0,0,0,1,0,0,0,0
566,1241,Tome Golem,8,8,8,1,0,0,0,0,0,0,1,0,0,0
567,75,Possessive Toupee,1,3,1,1,0,0,0,0,0,0,0,0,1,0
568,1147,Felid Janissary,2,2,1,1,0,0,0,0,0,0,0,0,1,0
569,841,Ornery Goat,3,3,3,1,0,0,0,0,0,0,0,1,0,0
570,839,Dryad Seer,2,1,2,1,0,0,0,0,0,0,0,1,0,0
571,47,Sacred Lore,3,0,0,0,0,1,0,1,0,0,0,0,0,0
572,303,Whetstone,1,0,0,0,0,1,0,0,0,0,0,0,0,1
573,360,Black Rhino,6,5,5,1,0,0,0,0,0,0,0,1,0,0
574,938,Blessing of Light,2,0,0,0,0,1,0,0,0,1,0,0,0,0
575,1209,The Portable Fortress,2,0,8,1,0,0,0,0,0,0,0,0,1,0
576,1070,Eldritch Demonologist,4,3,3,1,0,0,0,0,0,0,0,0,1,0
577,1223,Cutthroat Insight,5,0,0,0,0,1,0,0,1,0,0,0,0,0
578,346,Scales of Justice,1,0,0,0,0,1,0,0,0,1,0,0,0,0
579,1143,Arrow of Rage,2,0,0,0,0,1,0,0,0,0,0,1,0,0
580,361,Loam Naturalist,2,1,1,1,0,0,0,0,0,0,0,1,0,0
581,887,Frumentarii Researcher,3,2,4,1,0,0,0,0,0,0,0,0,1,0
582,100059,Curative Cudgel,2,2,2,0,0,0,1,0,0,0,0,0,1,0
583,87028,Raid Reveller,3,3,2,1,0,0,0,0,0,0,0,0,0,1
584,253,Wasteful Shax,2,3,6,1,0,0,0,1,0,0,0,0,0,0
585,328,Angelic Veteran,4,2,4,1,0,0,0,0,0,1,0,0,0,0
586,116,Devouring Golem,5,4,5,1,0,0,0,0,0,0,0,0,1,0
587,175,Endow Wings,4,0,0,0,0,1,0,0,0,0,1,0,0,0
588,1154,Runed Asp,2,2,1,1,0,0,0,1,0,0,0,0,0,0
589,932,Blessing of Death,2,0,0,0,0,1,0,1,0,0,0,0,0,0
590,297,Dead Man's Flail,4,3,2,0,0,0,1,0,0,0,0,0,0,1
591,876,Field Medic,1,2,2,1,0,0,0,0,0,1,0,0,0,0
592,283,Hypnos Puzzle Box,1,0,0,0,0,1,0,0,1,0,0,0,0,0
593,270,Jungle Scout,3,1,2,1,0,0,0,0,0,0,0,1,0,0
594,842,Figure in the Streets,8,6,10,1,0,0,0,0,0,0,0,1,0,0
595,55,Boost Walker,4,4,4,1,0,0,0,0,0,0,0,0,1,0
596,87016,Riled Ursine,5,6,5,1,0,0,0,0,0,0,0,0,1,0
597,943,Blessing of Nature,1,0,0,0,0,1,0,0,0,0,0,1,0,0
598,925,Orfeo's Guile,7,0,0,0,0,1,0,0,1,0,0,0,0,0
599,878,"Bardelys, Parthene Orator",3,1,2,1,0,0,0,0,0,1,0,0,0,0
600,1197,Tavern Brawler,1,2,2,1,0,0,0,0,0,0,0,0,0,1
601,100005,Blight,2,0,0,0,1,0,0,1,0,0,0,0,0,0
602,1258,Harvest Arachne,3,3,2,1,0,0,0,0,0,0,0,0,1,0
603,193,Highborn Knight,4,3,3,1,0,0,0,0,0,1,0,0,0,0
604,865,Valknir Weaponsmith,5,4,5,1,0,0,0,0,0,0,0,0,0,1
605,218,Proud Conscriptor,4,2,3,1,0,0,0,0,0,0,0,1,0,0
606,1208,Mammon's Stalwart,6,3,6,1,0,0,0,0,0,0,0,0,1,0
607,372,Crystallax,5,3,4,1,0,0,0,0,0,0,1,0,0,0
608,1189,Belligerent Warlock,2,2,2,1,0,0,0,0,0,0,0,0,0,1
609,52,Farsight Explorer,2,1,5,1,0,0,0,0,0,0,0,0,1,0
610,392,Hasty Trade,3,0,0,0,0,1,0,0,1,0,0,0,0,0
611,204,Enduring Lemure,4,2,2,1,0,0,0,0,0,0,0,0,1,0
612,100062,Mind Probe,2,0,0,0,0,1,0,0,1,0,0,0,0,0
613,126,A Real Man,1,0,2,1,0,0,0,0,1,0,0,0,0,0
614,1067,Atlant Phalanx,5,5,4,1,0,0,0,0,0,0,0,0,1,0
615,364,"Magic, Unburdened",8,0,0,0,0,1,0,0,0,0,1,0,0,0
616,219,Nimble Pixie,1,1,1,1,0,0,0,0,0,0,0,0,1,0
617,53,Dire Demilich,7,6,6,1,0,0,0,1,0,0,0,0,0,0
618,139,Gentle Monk,4,2,3,1,0,0,0,0,0,1,0,0,0,0
619,1133,Ray of Disintegration,5,0,0,0,0,1,0,1,0,0,0,0,0,0
620,324,Reformation,1,0,0,0,0,1,0,0,0,1,0,0,0,0
621,269,Mottled Ranger,3,2,2,1,0,0,0,0,0,0,0,1,0,0
622,170,Blind Cyclops,7,7,7,1,0,0,0,0,0,0,0,0,1,0
623,1046,Faeflame Blade,2,1,4,0,0,0,1,0,0,0,0,1,0,0
624,87027,Boil-Blood Outlaw,1,2,2,1,0,0,0,0,0,0,0,0,0,1
625,87078,Stack the Deck,5,0,0,0,0,1,0,0,1,0,0,0,0,0
626,369,"Circe, Vengeful Sorceress",7,3,3,1,0,0,0,0,0,0,1,0,0,0
627,100068,"Tetria, Young Manaborn",1,3,3,1,0,0,0,0,0,0,0,0,1,0
628,1110,"Echophon, Atlantean Hydra",9,6,10,1,0,0,0,0,0,0,0,0,1,0
629,295,Ferocious Rougarou,5,4,4,1,0,0,0,0,0,0,0,1,0,0
630,189,Iron Kopis,5,5,2,0,0,0,1,0,0,0,0,0,0,1
631,388,Nethersaur,6,6,6,1,0,0,0,0,1,0,0,0,0,0
632,1174,Vrock,3,4,3,1,0,0,0,1,0,0,0,0,0,0
633,159,Bulwark of the Sky,7,6,7,1,0,0,0,0,0,0,0,0,1,0
634,100134,Rogue Skulker,1,1,1,1,0,0,0,0,0,0,0,0,1,0
635,946,Valknir Zealot,1,2,2,1,0,0,0,0,0,0,0,0,0,1
636,1244,Manathirst Golem,5,4,4,1,0,0,0,0,0,0,1,0,0,0
637,1125,Made Mark,1,0,2,1,0,0,0,0,1,0,0,0,0,0
638,222,Bast's Claws,6,3,4,0,0,0,1,0,0,0,0,0,0,1
639,87005,Vanguard Axewoman,2,2,3,1,0,0,0,0,0,0,0,0,1,0
640,110,Reinforcements,3,0,0,0,0,1,0,0,0,0,0,0,0,1
641,100800,Experimental Outcome,2,3,2,1,0,0,0,1,0,0,0,0,0,0
642,1058,Bright Mage,3,3,3,1,0,0,0,0,0,1,0,0,0,0
643,391,Howler Golem,7,5,5,1,0,0,0,0,0,0,0,0,1,0
644,59,Expectant Chicken,1,1,1,1,0,0,0,0,0,0,0,0,1,0
645,239,Bonepact Hunter,4,3,3,1,0,0,0,0,0,0,0,0,1,0
646,942,Beast Speaker,4,3,3,1,0,0,0,0,0,0,0,1,0,0
647,1176,Amazon Spearsoul,2,4,2,1,0,0,0,0,0,0,0,0,1,0
648,302,Lightfoot Informant,2,1,2,1,0,0,0,0,1,0,0,0,0,0
649,11,Gloam Druid,2,2,2,1,0,0,0,0,0,0,0,1,0,0
650,87006,Volatile Imp,1,2,1,1,0,0,0,0,0,0,0,0,1,0
651,322,Holy Writ,2,0,0,0,0,1,0,0,0,1,0,0,0,0
652,1204,Ballista,3,0,3,1,0,0,0,0,0,0,0,0,1,0
653,293,Lore & Order Inspector,1,2,2,1,0,0,0,0,0,1,0,0,0,0
654,1048,Valewarden Minotaur,5,5,5,1,0,0,0,0,0,0,0,1,0,0
655,100061,Spirit Beast,1,1,1,1,0,0,0,0,0,0,0,0,1,0
656,920,Trial of the First Pillar,6,0,0,0,0,1,0,0,0,1,0,0,0,0
657,89,Lupine Elemental,5,4,6,1,0,0,0,0,0,0,0,0,1,0
658,225,Deathwish Thanetar,16,4,4,1,0,0,0,0,0,0,0,0,1,0
659,10,Catacomb Curator,1,1,2,1,0,0,0,1,0,0,0,0,0,0
660,307,Out of Its Misery,1,0,0,0,0,1,0,0,0,0,0,0,0,1
661,100113,Enrage,2,0,0,0,1,0,0,0,0,0,0,0,0,1
662,1106,Cyclops Marksman,6,4,7,1,0,0,0,0,0,0,0,0,1,0
663,1114,Redfume Serum,5,0,0,0,0,1,0,0,0,0,0,0,0,1
664,1039,"Frey, Archmage of Selene",8,4,7,1,0,0,0,0,0,0,1,0,0,0
665,87003,Dockside Prowler,1,2,2,1,0,0,0,0,0,0,0,0,1,0
666,100108,Blood Ritual,2,0,0,0,1,0,0,1,0,0,0,0,0,0
667,810,Cruel Overseer,3,3,4,1,0,0,0,1,0,0,0,0,0,0
668,914,Aeona's Defection,5,0,0,0,0,1,0,0,0,0,0,1,0,0
669,152,"Odysseus, Tried Victor",5,3,7,1,0,0,0,0,0,0,0,0,1,0
670,100142,Propyrean Owl,3,4,2,1,0,0,0,0,0,0,0,0,1,0
671,1108,"Ladon, Uclid Dragon",8,12,12,1,0,0,0,0,0,0,0,0,1,0
672,1093,Svart Basilisk,4,4,4,1,0,0,0,0,0,0,0,0,1,0
673,800,Nether's Advocate,2,1,1,1,0,0,0,1,0,0,0,0,0,0
674,87059,Feast on the Dead,1,0,0,0,0,1,0,1,0,0,0,0,0,0
675,1072,Aether Battlescout,3,5,2,1,0,0,0,0,0,0,0,0,1,0
676,278,Wilds Lifebonder,2,1,3,1,0,0,0,0,0,0,0,1,0,0
677,201,Mugging,2,0,0,0,0,1,0,0,1,0,0,0,0,0
678,888,Militant Gladiator,5,4,4,1,0,0,0,0,0,0,0,0,1,0
679,1051,"Grendel, Night Terror",8,6,6,1,0,0,0,0,0,0,0,0,0,1
680,9,Nether Nanny,4,4,4,1,0,0,0,0,0,0,0,0,1,0
681,1180,Enduring Shield,2,1,4,0,0,0,1,0,0,0,0,0,0,1
682,1225,Fleshbind,1,0,0,0,0,1,0,1,0,0,0,0,0,0
683,825,"Pallas, Champion of Magic",3,1,4,1,0,0,0,0,0,0,1,0,0,0
684,100160,Overgrown Golem,3,0,5,1,0,0,0,0,0,0,0,1,0,0
685,871,Xanthe of Tartessos,3,3,3,1,0,0,0,0,0,0,0,0,0,1
686,87073,Bedeviled Shadow,3,3,3,1,0,0,0,0,1,0,0,0,0,0
687,817,Form of Unity,3,0,0,0,0,1,0,0,0,0,1,0,0,0
688,305,Raiding Kraken,9,3,5,1,0,0,0,0,0,0,0,0,1,0
689,191,Roadside Outfitter,4,2,2,1,0,0,0,0,0,0,0,0,0,1
690,100054,Rune of Life,2,0,0,0,0,1,0,0,0,0,0,0,1,0
691,100153,Tough Malfunctioning Artifice,1,1,5,1,0,0,0,0,0,0,0,0,1,0
692,828,"Neferu, Champion of Death",6,3,5,1,0,0,0,1,0,0,0,0,0,0
693,1033,"Cerberus, Styx Hound",7,5,6,1,0,0,0,1,0,0,0,0,0,0
694,87035,Ramshackle Hatchet,2,3,1,0,0,0,1,0,0,0,0,0,0,1
695,1172,Traveling Bard,4,3,2,1,0,0,0,0,0,0,0,0,1,0
696,332,Heads or Tails,2,0,0,0,0,1,0,0,1,0,0,0,0,0
697,1153,Time-Bomb,2,3,2,1,0,0,0,0,0,0,1,0,0,0
698,100063,Malfunctioning Artifice,1,1,1,1,0,0,0,0,0,0,0,0,1,0
699,375,Jaguar Rider,4,6,3,1,0,0,0,0,0,0,0,0,1,0
700,87001,Springbloom Hunter,1,2,2,1,0,0,0,0,0,0,0,0,1,0
701,318,Lightdaemon King,5,2,4,1,0,0,0,0,0,1,0,0,0,0
702,827,"Valka, Champion of War",9,9,9,1,0,0,0,0,0,0,0,0,0,1
703,362,Dimension Door,1,0,0,0,0,1,0,0,0,0,1,0,0,0
704,4,Influential Incubus,3,2,1,1,0,0,0,0,0,0,0,0,1,0
705,238,Outcast Amazon,3,2,3,1,0,0,0,0,0,0,0,0,1,0
706,1191,Trapdoor,2,0,0,0,0,1,0,0,1,0,0,0,0,0
707,1152,Tamed Mammoth,4,3,5,1,0,0,0,0,0,0,0,0,0,1
708,1137,Reckoning,1,0,0,0,0,1,0,0,0,0,0,0,0,1
709,931,Soul Shatter,3,0,0,0,0,1,0,1,0,0,0,0,0,0
710,1237,Serene Blade,4,0,4,0,0,0,1,0,0,1,0,0,0,0
711,1119,Makeshift Shiv,1,1,5,0,0,0,1,0,1,0,0,0,0,0
712,852,Hooded Figure,5,6,3,1,0,0,0,0,1,0,0,0,0,0
713,87040,Brilliant Intervention,2,0,0,0,0,1,0,0,0,1,0,0,0,0
714,1250,Street Conjuror,1,1,3,1,0,0,0,0,0,0,1,0,0,0
715,801,"Diones, Spectral Sceptic",3,2,3,1,0,0,0,1,0,0,0,0,0,0
716,1064,Ritual Rod,1,2,2,0,0,0,1,0,0,1,0,0,0,0
717,87079,Spiked Tea,4,0,0,0,0,1,0,0,1,0,0,0,0,0
718,64,Avatar of Light,7,7,7,1,0,0,0,0,0,1,0,0,0,0
719,1065,Hallowing Light,2,0,0,0,0,1,0,0,0,1,0,0,0,0
720,93,Hall of Mirrors,1,0,0,0,0,1,0,0,1,0,0,0,0,0
721,100156,Strong Malfunctioning Artifice,1,5,1,1,0,0,0,0,0,0,0,0,1,0
722,100046,Mirror,1,0,2,1,0,0,0,0,1,0,0,0,0,0
723,1179,Penthesilean Warrior,5,6,3,1,0,0,0,0,0,0,0,0,1,0
724,99,"Hades, Underworld Lord",8,5,9,1,0,0,0,1,0,0,0,0,0,0
725,87019,Hired Muscle,6,6,5,1,0,0,0,0,0,0,0,0,1,0
726,371,Specialist Force,5,0,0,0,0,1,0,0,0,0,0,1,0,0
727,1086,Helian Elite,8,10,12,1,0,0,0,0,0,0,0,0,1,0
728,1140,Viking Bloodguard,3,2,2,1,0,0,0,0,0,0,0,0,1,0
729,370,"Nature, Overgrown",7,0,0,0,0,1,0,0,0,0,0,1,0,0
730,1235,Feral Shapeshifter,5,3,4,1,0,0,0,0,0,0,0,0,1,0
731,197,Returned Einherjar,5,3,5,1,0,0,0,0,0,0,0,0,0,1
732,1061,Blind Martyr,1,1,2,1,0,0,0,0,0,1,0,0,0,0
733,100050,Protected Anim,2,2,2,1,0,0,0,0,0,0,0,0,1,0
734,104,Raze Imp,1,2,2,1,0,0,0,0,0,0,0,0,1,0
735,224,Ocular Fiend,6,3,3,1,0,0,0,0,0,0,0,0,1,0
736,74,Recursion,2,0,0,0,0,1,0,0,0,0,1,0,0,0
737,345,The Mastermind,4,1,2,1,0,0,0,0,1,0,0,0,0,0
738,100121,Animal Bond,2,0,0,0,1,0,0,0,0,0,0,1,0,0
739,1040,Green Giant,6,6,8,1,0,0,0,0,0,0,0,1,0,0
740,382,Pyrocannon,1,0,3,0,0,0,1,1,0,0,0,0,0,0
741,1230,Inconspicuous Carriage,4,2,6,1,0,0,0,0,1,0,0,0,0,0
742,137,Wrath Zealot,7,1,4,1,0,0,0,0,0,0,0,0,1,0
743,834,Neferu's Khopesh,4,0,3,0,0,0,1,1,0,0,0,0,0,0
744,368,Aeneas,6,3,3,1,0,0,0,0,0,0,0,0,0,1
745,939,Planetar Sage,4,4,5,1,0,0,0,0,0,0,1,0,0,0
746,29,"Hephaestus, The Enchanter",4,4,4,1,0,0,0,0,0,0,0,0,0,1
747,864,Mountain Raider,4,2,2,1,0,0,0,0,0,0,0,0,0,1
748,1156,Inspirator,2,1,1,1,0,0,0,0,0,0,0,0,1,0
749,87068,Versatile Conjuration,3,0,0,0,0,1,0,0,0,0,1,0,0,0
750,309,Demoralise,1,0,0,0,0,1,0,0,0,0,0,0,0,1
751,247,Dragon Tooth Warrior,5,3,3,1,0,0,0,0,0,0,0,0,1,0
752,921,Trial of the False Reflection,7,0,0,0,0,1,0,0,0,0,1,0,0,0
753,60,Pallbearer,3,1,1,1,0,0,0,1,0,0,0,0,0,0
754,380,Atlantean Rex,6,9,4,1,0,0,0,0,0,0,0,0,1,0
755,389,Cryodyne Trident,3,1,3,0,0,0,1,0,0,0,0,1,0,0
756,87060,Just a Nibble,2,0,0,0,0,1,0,1,0,0,0,0,0,0
757,395,Golden Golem,5,7,7,1,0,0,0,0,0,0,0,0,1,0
758,108,Carcass Vulture,2,1,1,1,0,0,0,0,0,0,0,1,0,0
759,947,Fenris Berserker,3,4,3,1,0,0,0,0,0,0,0,0,0,1
760,77,Enraged Ally,2,2,2,1,0,0,0,0,0,0,0,0,1,0
761,1012,Starshard Bolt,2,0,0,0,0,1,0,0,0,0,1,0,0,0
762,198,"War, Incarnate",7,0,0,0,0,1,0,0,0,0,0,0,0,1
763,1002,Avalanche Strike,2,0,0,0,0,1,0,0,0,0,0,0,0,1
764,1186,The Hunt,6,0,0,0,0,1,0,0,0,0,0,1,0,0
765,1170,Tartessian Skirmisher,3,3,3,1,0,0,0,0,0,0,0,0,0,1
766,851,Larcenous Pan,2,1,3,1,0,0,0,0,1,0,0,0,0,0
767,183,Leyline Djinn,11,4,4,1,0,0,0,0,0,0,0,0,1,0
768,87049,Aspect of the Axolotl,3,0,0,0,0,1,0,0,0,0,0,1,0,0
769,1097,Shieldbearer,1,1,1,1,0,0,0,0,0,0,0,0,1,0
770,153,Fanatic of Khnum,2,3,2,1,0,0,0,1,0,0,0,0,0,0
771,1256,Pack Stalk,1,0,0,0,0,1,0,0,0,0,0,1,0,0
772,1177,Hardened Channeler,5,4,3,1,0,0,0,0,0,0,0,0,1,0
773,231,Pyramid Warden,2,2,6,1,0,0,0,0,0,0,0,0,1,0
774,1107,Pharaoh's Guard,4,4,2,1,0,0,0,0,0,0,0,0,1,0
775,1116,Exorcise,5,0,0,0,0,1,0,0,1,0,0,0,0,0
776,1091,Blackguard,8,12,10,1,0,0,0,0,0,0,0,0,1,0
777,87033,Call to Arms,3,0,0,0,0,1,0,0,0,0,0,0,0,1
778,267,Sarcophagus,2,0,6,1,0,0,0,1,0,0,0,0,0,0
779,155,"Jason, Medea's Muse",3,3,3,1,0,0,0,0,0,0,0,0,1,0
780,186,Balance Summoner,2,2,3,1,0,0,0,0,0,0,0,0,1,0
781,100115,Summon Acolyte,3,0,0,0,1,0,0,0,0,1,0,0,0,0
782,1080,"Balthazar, Blood Magus",2,3,2,1,0,0,0,0,0,0,0,0,1,0
783,1252,Living Container,2,1,1,1,0,0,0,1,0,0,0,0,0,0
784,1028,Famished Ghoul,4,4,4,1,0,0,0,1,0,0,0,0,0,0
785,393,The Iron Horse,7,5,5,1,0,0,0,0,0,0,0,0,1,0
786,73,Golem Excavator,7,6,7,1,0,0,0,0,0,0,0,0,1,0
787,100118,Chosen Visions,2,0,0,0,1,0,0,0,0,1,0,0,0,0
,id,name,mana,attack,health,creature,god power,spell,weapon,death,deception,light,magic,nature,neutral,war
0,100042,Walking Plant,1,1,1,1,0,0,0,0,0,0,0,1,0,0
1,1018,Black Jaguar,2,3,3,1,0,0,0,0,0,0,0,1,0,0
2,129,Avatar of Death,6,6,6,1,0,0,0,1,0,0,0,0,0,0
3,87069,Mind Jolt,5,0,0,0,0,1,0,0,0,0,1,0,0,0
4,1090,Minotaur Phalanx,6,4,8,1,0,0,0,0,0,0,0,0,1,0
5,1187,Signal Scouts,3,0,0,0,0,1,0,0,0,0,0,0,0,1
6,1008,Rapture Dance,6,0,0,0,0,1,0,0,1,0,0,0,0,0
7,343,"Deception, Unshrouded",7,0,0,0,0,1,0,0,1,0,0,0,0,0
8,100119,Flip,3,0,0,0,1,0,0,0,1,0,0,0,0,0
9,402,Blessed Chimera,7,4,4,1,0,0,0,0,0,0,0,0,1,0
10,1014,Raise Dead,5,0,0,0,0,1,0,1,0,0,0,0,0,0
11,1182,Spellsight Seer,1,2,2,1,0,0,0,0,0,0,1,0,0,0
12,1024,Blade of Styx,3,3,2,0,0,0,1,0,0,0,0,0,0,1
13,86,Read The Leaves,2,0,0,0,0,1,0,0,0,0,1,0,0,0
14,334,Sharpen,2,0,0,0,0,1,0,0,0,0,0,0,0,1
15,1075,Solemn Lecturer,4,2,4,1,0,0,0,0,0,0,0,0,1,0
16,113,Anhotep the Embalmer,7,8,8,1,0,0,0,1,0,0,0,0,0,0
17,100109,Reanimate,3,0,0,0,1,0,0,1,0,0,0,0,0,0
18,100045,Box,1,0,0,0,0,1,0,0,0,0,0,0,1,0
19,1132,The Old Ritual,4,0,0,0,0,1,0,1,0,0,0,0,0,0
20,100114,Onslaught,2,0,0,0,1,0,0,0,0,0,0,0,0,1
21,264,Odin's Whiteraven,2,1,1,1,0,0,0,0,0,0,0,0,0,1
22,100052,Concealed Anim,2,3,2,1,0,0,0,0,0,0,0,0,1,0
23,844,Caller of the Hunt,6,5,5,1,0,0,0,0,0,0,0,1,0,0
24,1096,Duergar Priest,2,2,2,1,0,0,0,0,0,0,0,0,1,0
25,1214,Bronze Servant,3,2,4,1,0,0,0,0,0,0,0,0,1,0
26,100103,Netherbeast,4,3,3,1,0,0,0,1,0,0,0,0,0,0
27,1021,Penitence,7,0,0,0,0,1,0,0,0,1,0,0,0,0
28,1117,Canopy Barrage,2,0,0,0,0,1,0,0,0,0,0,1,0,0
29,146,Mistress Scythia,3,2,1,1,0,0,0,0,0,0,0,1,0,0
30,100124,Cheat,2,0,0,0,1,0,0,0,1,0,0,0,0,0
31,826,"Selena, Champion of Nature",4,3,4,1,0,0,0,0,0,0,0,1,0,0
32,212,"Alexis, Archon's Sword",8,5,7,1,0,0,0,0,0,1,0,0,0,0
33,161,Apocalypse Now,7,0,0,0,0,1,0,1,0,0,0,0,0,0
34,1052,Warmonger Smith,2,2,4,1,0,0,0,0,0,0,0,0,0,1
35,23,Portal Wrangler,4,3,4,1,0,0,0,0,0,0,1,0,0,0
36,14,Healing Insight,1,0,0,0,0,1,0,0,0,1,0,0,0,0
37,1236,Light's Levy,3,0,0,0,0,1,0,0,0,1,0,0,0,0
38,87018,Rotting Mount,6,6,5,1,0,0,0,0,0,0,0,0,1,0
39,100135,Netherling,2,2,2,1,0,0,0,0,0,0,0,0,1,0
40,83,"Death, Unborn",8,0,0,0,0,1,0,1,0,0,0,0,0,0
41,176,Dense Fog,1,0,0,0,0,1,0,0,0,0,0,1,0,0
42,333,Needle-Fang Chameleon,1,2,2,1,0,0,0,0,1,0,0,0,0,0
43,385,Firewall,4,1,5,1,0,0,0,0,0,0,0,0,1,0
44,879,"Isadora, Daring Patrician",6,1,2,1,0,0,0,0,0,1,0,0,0,0
45,50,Anputian Magus,5,2,4,1,0,0,0,0,0,0,0,0,1,0
46,1253,Dart Maniac,2,1,3,1,0,0,0,0,0,0,0,0,1,0
47,1169,Wiccan Warrior,1,2,2,1,0,0,0,0,0,0,0,0,1,0
48,142,Chainflip,3,0,0,0,0,1,0,0,0,0,1,0,0,0
49,37,Spiral Golem,6,8,10,1,0,0,0,0,0,0,0,0,1,0
50,1246,Sip of Elixir,2,0,0,0,0,1,0,0,0,0,1,0,0,0
51,908,Dragon of the First Pillar,7,5,5,1,0,0,0,0,0,1,0,0,0,0
52,135,Fertility Idol,7,0,6,1,0,0,0,0,0,0,0,1,0,0
53,237,Field Martyr,3,0,1,1,0,0,0,0,0,0,0,0,1,0
54,205,Contagious Ghoul,1,2,2,1,0,0,0,1,0,0,0,0,0,0
55,930,Priestess of Takhat,1,2,2,1,0,0,0,1,0,0,0,0,0,0
56,900,Student of Truth,2,3,2,1,0,0,0,0,0,0,0,0,1,0
57,1089,Stormstress,6,4,5,1,0,0,0,0,0,0,0,0,1,0
58,877,Parthene Shieldmate,3,3,3,1,0,0,0,0,0,1,0,0,0,0
59,1068,Helios Battlesworn,5,5,6,1,0,0,0,0,0,0,0,0,1,0
60,1205,Hoplite,2,3,2,1,0,0,0,0,0,0,0,0,1,0
61,102,Me Two Three,1,0,0,0,0,1,0,0,1,0,0,0,0,0
62,1151,Ogre Archer,5,3,3,1,0,0,0,0,0,0,0,0,1,0
63,1101,Wildfire,4,0,0,0,0,1,0,0,0,0,0,1,0,0
64,1190,Recovering Sigil,2,0,0,0,0,1,0,0,0,1,0,0,0,0
65,287,The Cleansing,3,0,0,0,0,1,0,0,0,1,0,0,0,0
66,1037,Oni Spellsword,3,1,3,1,0,0,0,0,0,0,1,0,0,0
67,190,Ares' Eruption,3,0,0,0,0,1,0,0,0,0,0,1,0,0
68,349,Shadow Slash,4,0,0,0,0,1,0,0,0,0,1,0,0,0
69,353,Sign of Avarice,4,3,3,1,0,0,0,0,0,0,0,0,1,0
70,1220,Ambitious Adventurer,2,1,1,1,0,0,0,0,0,0,0,0,1,0
71,296,Swashbuckler,1,1,1,1,0,0,0,0,0,0,0,0,1,0
72,49,The Black Argo,5,4,6,1,0,0,0,0,0,0,0,0,1,0
73,132,Namebinder Zal'zie,1,1,3,1,0,0,0,0,0,0,0,0,1,0
74,1010,Blackblood Blast,6,0,0,0,0,1,0,1,0,0,0,0,0,0
75,1219,Tough Townsfolk,1,1,3,1,0,0,0,0,0,0,0,0,1,0
76,907,Shadow of Lethenon,1,1,1,1,0,0,0,0,1,0,0,0,0,0
77,821,Archvisionist,5,4,5,1,0,0,0,0,0,0,1,0,0,0
78,87042,Conversion,4,0,0,0,0,1,0,0,0,1,0,0,0,0
79,35,Rolling Watcher,2,0,3,1,0,0,0,0,0,0,0,0,1,0
80,144,"Tyr, The Just",7,5,9,1,0,0,0,0,0,0,0,0,0,1
81,1098,Felid Protector,1,2,2,1,0,0,0,0,0,0,0,0,1,0
82,928,Selena's Insight,6,0,0,0,0,1,0,0,0,0,0,1,0,0
83,217,Grass Roots,3,0,0,0,0,1,0,0,0,0,0,1,0,0
84,235,Wind-Up Roller,2,3,2,1,0,0,0,0,0,0,0,0,1,0
85,130,Mana Thief,5,3,1,1,0,0,0,0,1,0,0,0,0,0
86,1242,Thaumnetic Golem,6,5,7,1,0,0,0,0,0,0,0,0,1,0
87,895,Militant Extortionist,1,3,1,1,0,0,0,0,0,0,0,0,1,0
88,101,Heka's Enchantress,1,1,2,1,0,0,0,0,0,0,1,0,0,0
89,100035,Voyage To The Farlands,1,0,0,0,0,1,0,0,0,0,0,0,1,0
90,38,Hurl Weapon,1,0,0,0,0,1,0,0,0,0,0,0,0,1
91,233,Sonic Juggernaut,5,4,5,1,0,0,0,0,0,0,0,0,1,0
92,869,Lead the Charge,2,0,0,0,0,1,0,0,0,0,0,0,0,1
93,313,Engaged Enchanter,2,2,3,1,0,0,0,0,0,0,1,0,0,0
94,165,Incoming Raid,4,0,0,0,0,1,0,0,0,0,0,0,0,1
95,363,Sothek,7,4,5,1,0,0,0,0,0,0,0,1,0,0
96,207,Peculiar Spellwyrm,1,2,6,1,0,0,0,0,0,0,0,0,1,0
97,162,Tormentor Fiend,6,6,5,1,0,0,0,0,0,0,0,0,0,1
98,336,Kidnapper,6,1,6,1,0,0,0,0,1,0,0,0,0,0
99,1249,Wyrmbreath,4,0,0,0,0,1,0,0,0,0,1,0,0,0
100,71,Ragnarok,1,0,0,0,0,1,0,1,0,0,0,0,0,0
101,1193,Bladecaster,2,2,3,1,0,0,0,0,0,0,0,0,0,1
102,100073,Mana Bind,3,0,0,0,0,1,0,0,1,0,0,0,0,0
103,891,Desert Mercenary,3,3,3,1,0,0,0,0,0,0,0,0,1,0
104,886,Ironclad Minotaur,6,5,6,1,0,0,0,0,0,0,0,0,1,0
105,1142,Ares' Runeblade,8,5,2,0,0,0,1,0,0,0,0,0,0,1
106,838,Jaguar Staff,5,2,2,0,0,0,1,0,0,0,0,1,0,0
107,100151,Reanimated Corpse,2,2,2,1,0,0,0,1,0,0,0,0,0,0
108,87063,Third Eye Seer,2,2,3,1,0,0,0,0,0,0,1,0,0,0
109,65003,Tethys,9,15,15,1,0,0,0,0,0,0,0,0,1,0
110,202,Shade Walker,4,4,3,1,0,0,0,0,1,0,0,0,0,0
111,1192,Aging Veteran,2,1,2,1,0,0,0,0,0,0,0,0,1,0
112,87,Amplification Machine,3,0,7,1,0,0,0,0,0,0,0,0,1,0
113,100120,Memory Charm,2,0,0,0,1,0,0,0,1,0,0,0,0,0
114,1047,Vinebound Jotun,8,10,12,1,0,0,0,0,0,0,0,1,0,0
115,1183,Annoying Bureaucrat,6,3,4,1,0,0,0,0,1,0,0,0,0,0
116,1139,Trojan Battlemage,3,3,1,1,0,0,0,0,0,0,0,0,0,1
117,948,Divine Messenger,7,7,7,1,0,0,0,0,0,0,0,0,1,0
118,199,Shadow Scryer,1,1,1,1,0,0,0,0,0,0,1,0,0,0
119,100146,Panther,1,3,2,1,0,0,0,0,0,0,0,1,0,0
120,1138,Viking Longship,4,3,4,1,0,0,0,0,0,0,0,0,0,1
121,154,"Mirror, Mirror",1,0,0,0,0,1,0,0,1,0,0,0,0,0
122,100040,Rockdrake,5,6,5,1,0,0,0,0,0,0,0,0,1,0
123,905,"Hydna, Reef Raider",5,4,4,1,0,0,0,0,0,0,0,0,1,0
124,185,Aquatic Torturer,5,6,5,1,0,0,0,0,0,0,0,0,1,0
125,40,Ruins Explorer,2,1,2,1,0,0,0,0,0,0,0,1,0,0
126,91,Magic Inks,2,0,0,0,0,1,0,0,0,0,1,0,0,0
127,100150,Reanimated Ghoul,1,2,1,1,0,0,0,1,0,0,0,0,0,0
128,866,Howling Berserker,9,2,2,1,0,0,0,0,0,0,0,0,0,1
129,1019,Antimagic Wards,3,0,0,0,0,1,0,0,0,0,0,0,0,1
130,87044,Crook of Shepherding,2,2,1,0,0,0,1,0,0,1,0,0,0,0
131,808,Undead Chimera,4,3,5,1,0,0,0,1,0,0,0,0,0,0
132,365,"Hippolyta, Divided",6,4,5,1,0,0,0,0,0,0,0,1,0,0
133,81,Inflammable Imbecile,1,2,4,1,0,0,0,0,0,0,0,0,1,0
134,26,Valkyrie Heartsworn,1,3,1,1,0,0,0,0,0,0,0,0,1,0
135,209,Paragon of Fortune,6,3,3,1,0,0,0,0,0,0,0,0,0,1
136,100148,Badger,0,1,2,1,0,0,0,0,0,0,0,1,0,0
137,915,Council of the Gods,2,0,0,0,0,1,0,0,0,0,0,0,1,0
138,87032,Vicious Rend,1,0,0,0,0,1,0,0,0,0,0,0,0,1
139,100145,Eagle,0,2,1,1,0,0,0,0,0,0,0,1,0,0
140,277,Omnipresence,3,2,2,1,0,0,0,1,0,0,0,0,0,0
141,1167,Jungle Princess,5,4,3,1,0,0,0,0,0,0,0,0,1,0
142,926,Lysander's Mercy,7,0,0,0,0,1,0,0,0,1,0,0,0,0
143,840,Dionysian Bull,6,3,7,1,0,0,0,0,0,0,0,1,0,0
144,1198,Sentry Post,2,1,2,1,0,0,0,0,0,0,0,0,1,0
145,831,Pallas' Wand,2,0,2,0,0,0,1,0,0,0,1,0,0,0
146,1159,Phylactery,5,0,3,0,0,0,1,1,0,0,0,0,0,0
147,100006,Larceny,2,0,0,0,1,0,0,0,1,0,0,0,0,0
148,373,O Fortuna,8,0,0,0,0,1,0,0,0,0,1,0,0,0
149,87020,Echocaster,6,4,5,1,0,0,0,0,0,0,0,0,1,0
150,87030,Twinhorn Rider,7,4,6,1,0,0,0,0,0,0,0,0,0,1
151,100002,Atlas' Burden,0,0,0,0,0,1,0,0,0,0,0,0,1,0
152,156,Dwarven Smiths,2,2,2,1,0,0,0,0,0,0,0,0,0,1
153,226,Conniving Djinn,2,2,4,1,0,0,0,0,0,0,0,0,1,0
154,377,Jackal,2,2,2,1,0,0,0,0,0,0,0,0,1,0
155,340,Back-Alley Vendor,1,1,2,1,0,0,0,0,0,0,0,0,1,0
156,169,"Horus, The Protector",7,6,7,1,0,0,0,0,0,1,0,0,0,0
157,109,Aegis Commander,5,3,3,1,0,0,0,0,0,0,0,0,1,0
158,848,Stolen Plans,1,0,0,0,0,1,0,0,1,0,0,0,0,0
159,62,Deathdealt Netherine,6,5,4,1,0,0,0,1,0,0,0,0,0,0
160,1165,Infernal Footsoldier,2,1,1,1,0,0,0,0,0,0,0,0,1,0
161,5,Half Life,3,0,0,0,0,1,0,1,0,0,0,0,0,0
162,916,The Trial Begins,3,0,0,0,0,1,0,0,0,0,0,0,1,0
163,330,Smoke Bomb,4,4,5,1,0,0,0,0,1,0,0,0,0,0
164,51,Rebirth Planetar,7,6,7,1,0,0,0,0,0,0,0,0,1,0
165,256,Burrowing Scarab,2,1,1,1,0,0,0,1,0,0,0,0,0,0
166,824,"Lysander, Champion of Light",6,3,7,1,0,0,0,0,0,1,0,0,0,0
167,87048,Charging Oryx,7,7,7,1,0,0,0,0,0,0,0,1,0,0
168,873,Veteran Hoplite,1,2,5,1,0,0,0,0,0,1,0,0,0,0
169,285,Beam,4,0,0,0,0,1,0,0,0,0,1,0,0,0
170,258,Hyksosian Chariot,3,2,1,1,0,0,0,0,0,0,0,0,0,1
171,200,Clone,2,0,0,0,0,1,0,0,0,0,1,0,0,0
172,1245,Crystal Rain,5,0,0,0,0,1,0,0,0,0,1,0,0,0
173,180,Planetar Envoy,6,5,6,1,0,0,0,0,0,0,1,0,0,0
174,87055,Stygian Collector,4,7,4,1,0,0,0,1,0,0,0,0,0,0
175,366,Merlin,6,4,6,1,0,0,0,0,0,0,1,0,0,0
176,889,Fortified Acropolis,6,3,6,1,0,0,0,0,0,0,0,0,1,0
177,950,Manticore Hulk,4,4,5,1,0,0,0,0,0,0,0,0,1,0
178,1050,"Managarmr, Moon Hound",3,4,3,1,0,0,0,0,0,0,0,1,0,0
179,147,"Arius, Augur Paroxysm",9,16,16,1,0,0,0,0,0,0,0,0,1,0
180,1078,"Deuteria, Manashard Mage",1,2,2,1,0,0,0,0,0,0,0,0,1,0
181,184,Quicksilver Dragon,7,7,8,1,0,0,0,0,0,0,0,0,1,0
182,338,Fill the Coffers,6,0,0,0,0,1,0,0,1,0,0,0,0,0
183,245,Pyrrhic Incantation,1,0,0,0,0,1,0,1,0,0,0,0,0,0
184,902,Student of Blades,3,3,3,1,0,0,0,0,0,0,0,0,1,0
185,1240,Metamorphosis,2,0,0,0,0,1,0,0,0,0,1,0,0,0
186,1228,Shadow Paladin,3,4,2,1,0,0,0,0,0,0,0,0,1,0
187,100149,Bear,3,3,4,1,0,0,0,0,0,0,0,1,0,0
188,174,Vine Armour,3,1,4,0,0,0,1,0,0,0,0,1,0,0
189,265,False Peace,4,0,0,0,0,1,0,0,1,0,0,0,0,0
190,1157,Auric Rush,1,0,0,0,0,1,0,0,0,0,0,0,0,1
191,242,Advocate of Brilliance,6,4,5,1,0,0,0,0,0,0,1,0,0,0
192,1001,Carnage Sweep,5,0,0,0,0,1,0,0,0,0,0,0,0,1
193,1128,Wiccan Trapper,1,3,1,1,0,0,0,0,0,0,0,0,1,0
194,65,Pickpocket,4,0,0,0,0,1,0,0,1,0,0,0,0,0
195,229,Phalanx Champion,4,3,4,1,0,0,0,0,0,1,0,0,0,0
196,883,Fated Arrival,3,0,0,0,0,1,0,0,0,1,0,0,0,0
197,850,Obsidian Dagger,3,0,3,0,0,0,1,0,1,0,0,0,0,0